,DS,Y
0,2016-01-01,0.0
1,2016-01-02,0.0
2,2016-01-03,0.0
3,2016-01-04,0.0
4,2016-01-05,0.0
5,2016-01-06,0.0
6,2016-01-07,0.0
7,2016-01-08,0.0
8,2016-01-09,0.0
9,2016-01-10,0.0
10,2016-01-11,5.0
11,2016-01-12,0.0
12,2016-01-13,21.0
13,2016-01-14,4.0
14,2016-01-15,13.0
15,2016-01-16,18.0
16,2016-01-17,50.0
17,2016-01-18,35.0
18,2016-01-19,12.0
19,2016-01-20,11.0
20,2016-01-21,9.0
21,2016-01-22,19.0
22,2016-01-23,38.0
23,2016-01-24,29.0
24,2016-01-25,50.0
25,2016-01-26,16.0
26,2016-01-27,10.0
27,2016-01-28,23.0
28,2016-01-29,10.0
29,2016-01-30,0.0
30,2016-01-31,5.0
31,2016-02-01,2.0
32,2016-02-02,24.0
33,2016-02-03,28.0
34,2016-02-04,26.0
35,2016-02-05,15.0
36,2016-02-06,17.0
37,2016-02-07,19.0
38,2016-02-08,34.0
39,2016-02-09,28.0
40,2016-02-10,19.0
41,2016-02-11,23.0
42,2016-02-12,10.0
43,2016-02-13,12.0
44,2016-02-14,19.0
45,2016-02-15,21.0
46,2016-02-16,10.0
47,2016-02-17,10.0
48,2016-02-18,1.0
49,2016-02-19,7.0
50,2016-02-20,0.0
51,2016-02-21,11.0
52,2016-02-22,15.0
53,2016-02-23,7.0
54,2016-02-24,0.0
55,2016-02-25,2.0
56,2016-02-26,1.0
57,2016-02-27,9.0
58,2016-02-28,16.0
59,2016-02-29,25.0
60,2016-03-01,11.0
61,2016-03-02,7.0
62,2016-03-03,0.0
63,2016-03-04,11.0
64,2016-03-05,2.0
65,2016-03-06,4.0
66,2016-03-07,14.0
67,2016-03-08,18.0
68,2016-03-09,17.0
69,2016-03-10,19.0
70,2016-03-11,19.0
71,2016-03-12,7.0
72,2016-03-13,2.0
73,2016-03-14,8.0
74,2016-03-15,14.0
75,2016-03-16,10.0
76,2016-03-17,13.0
77,2016-03-18,17.0
78,2016-03-19,7.0
79,2016-03-20,18.0
80,2016-03-21,6.0
81,2016-03-22,14.0
82,2016-03-23,0.0
83,2016-03-24,10.0
84,2016-03-25,2.0
85,2016-03-26,6.0
86,2016-03-27,8.0
87,2016-03-28,13.0
88,2016-03-29,12.0
89,2016-03-30,5.0
90,2016-03-31,14.0
91,2016-04-01,6.0
92,2016-04-02,7.0
93,2016-04-03,3.0
94,2016-04-04,7.0
95,2016-04-05,5.0
96,2016-04-06,3.0
97,2016-04-07,5.0
98,2016-04-08,7.0
99,2016-04-09,2.0
100,2016-04-10,13.0
101,2016-04-11,6.0
102,2016-04-12,1.0
103,2016-04-13,1.0
104,2016-04-14,1.0
105,2016-04-15,3.0
106,2016-04-16,2.0
107,2016-04-17,1.0
108,2016-04-18,1.0
109,2016-04-19,9.0
110,2016-04-20,3.0
111,2016-04-21,12.0
112,2016-04-22,5.0
113,2016-04-23,38.0
114,2016-04-24,2.0
115,2016-04-25,3.0
116,2016-04-26,1.0
117,2016-04-27,0.0
118,2016-04-28,4.0
119,2016-04-29,19.0
120,2016-04-30,17.0
121,2016-05-01,0.0
122,2016-05-02,3.0
123,2016-05-03,0.0
124,2016-05-04,2.0
125,2016-05-05,0.0
126,2016-05-06,4.0
127,2016-05-07,9.0
128,2016-05-08,8.0
129,2016-05-09,8.0
130,2016-05-10,4.0
131,2016-05-11,7.0
132,2016-05-12,4.0
133,2016-05-13,3.0
134,2016-05-14,15.0
135,2016-05-15,1.0
136,2016-05-16,0.0
137,2016-05-17,2.0
138,2016-05-18,4.0
139,2016-05-19,2.0
140,2016-05-20,0.0
141,2016-05-21,4.0
142,2016-05-22,4.0
143,2016-05-23,5.0
144,2016-05-24,1.0
145,2016-05-25,7.0
146,2016-05-26,6.0
147,2016-05-27,7.0
148,2016-05-28,4.0
149,2016-05-29,0.0
150,2016-05-30,13.0
151,2016-05-31,8.0
152,2016-06-01,4.0
153,2016-06-02,6.0
154,2016-06-03,12.0
155,2016-06-04,25.0
156,2016-06-05,13.0
157,2016-06-06,16.0
158,2016-06-07,5.0
159,2016-06-08,8.0
160,2016-06-09,16.0
161,2016-06-10,9.0
162,2016-06-11,19.0
163,2016-06-12,8.0
164,2016-06-13,15.0
165,2016-06-14,15.0
166,2016-06-15,5.0
167,2016-06-16,11.0
168,2016-06-17,15.0
169,2016-06-18,6.0
170,2016-06-19,15.0
171,2016-06-20,42.0
172,2016-06-21,38.0
173,2016-06-22,32.0
174,2016-06-23,32.0
175,2016-06-24,25.0
176,2016-06-25,12.0
177,2016-06-26,12.0
178,2016-06-27,26.0
179,2016-06-28,15.0
180,2016-06-29,4.0
181,2016-06-30,5.0
182,2016-07-01,4.0
183,2016-07-02,1.0
184,2016-07-03,4.0
185,2016-07-04,11.0
186,2016-07-05,9.0
187,2016-07-06,1.0
188,2016-07-07,4.0
189,2016-07-08,1.0
190,2016-07-09,4.0
191,2016-07-10,0.0
192,2016-07-11,12.0
193,2016-07-12,25.0
194,2016-07-13,9.0
195,2016-07-14,8.0
196,2016-07-15,13.0
197,2016-07-16,12.0
198,2016-07-17,23.0
199,2016-07-18,0.0
200,2016-07-19,0.0
201,2016-07-20,7.0
202,2016-07-21,2.0
203,2016-07-22,16.0
204,2016-07-23,0.0
205,2016-07-24,0.0
206,2016-07-25,7.0
207,2016-07-26,9.0
208,2016-07-27,9.0
209,2016-07-28,12.0
210,2016-07-29,0.0
211,2016-07-30,0.0
212,2016-07-31,13.0
213,2016-08-01,15.0
214,2016-08-02,49.0
215,2016-08-03,18.0
216,2016-08-04,13.0
217,2016-08-05,3.0
218,2016-08-06,0.0
219,2016-08-07,1.0
220,2016-08-08,0.0
221,2016-08-09,4.0
222,2016-08-10,18.0
223,2016-08-11,14.0
224,2016-08-12,23.0
225,2016-08-13,2.0
226,2016-08-14,6.0
227,2016-08-15,27.0
228,2016-08-16,26.0
229,2016-08-17,25.0
230,2016-08-18,19.0
231,2016-08-19,14.0
232,2016-08-20,28.0
233,2016-08-21,28.0
234,2016-08-22,23.0
235,2016-08-23,22.0
236,2016-08-24,27.0
237,2016-08-25,29.0
238,2016-08-26,59.0
239,2016-08-27,40.0
240,2016-08-28,31.0
241,2016-08-29,25.0
242,2016-08-30,42.0
243,2016-08-31,60.0
244,2016-09-01,28.0
245,2016-09-02,33.0
246,2016-09-03,9.0
247,2016-09-04,3.0
248,2016-09-05,9.0
249,2016-09-06,6.0
250,2016-09-07,0.0
251,2016-09-08,4.0
252,2016-09-09,6.0
253,2016-09-10,6.0
254,2016-09-11,19.0
255,2016-09-12,6.0
256,2016-09-13,30.0
257,2016-09-14,18.0
258,2016-09-15,8.0
259,2016-09-16,27.0
260,2016-09-17,45.0
261,2016-09-18,22.0
262,2016-09-19,29.0
263,2016-09-20,44.0
264,2016-09-21,49.0
265,2016-09-22,27.0
266,2016-09-23,39.0
267,2016-09-24,23.0
268,2016-09-25,27.0
269,2016-09-26,17.0
270,2016-09-27,37.0
271,2016-09-28,40.0
272,2016-09-29,46.0
273,2016-09-30,22.0
274,2016-10-01,38.0
275,2016-10-02,29.0
276,2016-10-03,28.0
277,2016-10-04,18.0
278,2016-10-05,44.0
279,2016-10-06,49.0
280,2016-10-07,52.0
281,2016-10-08,28.0
282,2016-10-09,17.0
283,2016-10-10,12.0
284,2016-10-11,0.0
285,2016-10-12,12.0
286,2016-10-13,14.0
287,2016-10-14,13.0
288,2016-10-15,37.0
289,2016-10-16,15.0
290,2016-10-17,24.0
291,2016-10-18,31.0
292,2016-10-19,18.0
293,2016-10-20,16.0
294,2016-10-21,3.0
295,2016-10-22,2.0
296,2016-10-23,2.0
297,2016-10-24,5.0
298,2016-10-25,10.0
299,2016-10-26,8.0
300,2016-10-27,16.0
301,2016-10-28,43.0
302,2016-10-29,15.0
303,2016-10-30,2.0
304,2016-10-31,15.0
305,2016-11-01,4.0
306,2016-11-02,0.0
307,2016-11-03,6.0
308,2016-11-04,8.0
309,2016-11-05,11.0
310,2016-11-06,1.0
311,2016-11-07,0.0
312,2016-11-08,0.0
313,2016-11-09,0.0
314,2016-11-10,0.0
315,2016-11-11,0.0
316,2016-11-12,0.0
317,2016-11-13,2.0
318,2016-11-14,4.0
319,2016-11-15,7.0
320,2016-11-16,14.0
321,2016-11-17,1.0
322,2016-11-18,41.0
323,2016-11-19,0.0
324,2016-11-20,8.0
325,2016-11-21,30.0
326,2016-11-22,54.0
327,2016-11-23,12.0
328,2016-11-24,22.0
329,2016-11-25,58.0
330,2016-11-26,43.0
331,2016-11-27,2.0
332,2016-11-28,24.0
333,2016-11-29,32.0
334,2016-11-30,8.0
335,2016-12-01,10.0
336,2016-12-02,24.0
337,2016-12-03,24.0
338,2016-12-04,59.0
339,2016-12-05,5.0
340,2016-12-06,6.0
341,2016-12-07,37.0
342,2016-12-08,13.0
343,2016-12-09,24.0
344,2016-12-10,7.0
345,2016-12-11,2.0
346,2016-12-12,15.0
347,2016-12-13,22.0
348,2016-12-14,12.0
349,2016-12-15,2.0
350,2016-12-16,16.0
351,2016-12-17,13.0
352,2016-12-18,12.0
353,2016-12-19,29.0
354,2016-12-20,7.0
355,2016-12-21,19.0
356,2016-12-22,10.0
357,2016-12-23,12.0
358,2016-12-24,10.0
359,2016-12-25,30.0
360,2016-12-26,20.0
361,2016-12-27,8.0
362,2016-12-28,6.0
363,2016-12-29,17.0
364,2016-12-30,9.0
365,2016-12-31,5.0
366,2017-01-01,5.0
367,2017-01-02,40.0
368,2017-01-03,11.0
369,2017-01-04,18.0
370,2017-01-05,21.0
371,2017-01-06,33.0
372,2017-01-07,11.0
373,2017-01-08,18.0
374,2017-01-09,29.0
375,2017-01-10,31.0
376,2017-01-11,19.0
377,2017-01-12,9.0
378,2017-01-13,11.0
379,2017-01-14,1.0
380,2017-01-15,1.0
381,2017-01-16,4.0
382,2017-01-17,27.0
383,2017-01-18,16.0
384,2017-01-19,9.0
385,2017-01-20,20.0
386,2017-01-21,0.0
387,2017-01-22,2.0
388,2017-01-23,3.0
389,2017-01-24,24.0
390,2017-01-25,2.0
391,2017-01-26,15.0
392,2017-01-27,40.0
393,2017-01-28,11.0
394,2017-01-29,40.0
395,2017-01-30,41.0
396,2017-01-31,31.0
397,2017-02-01,20.0
398,2017-02-02,0.0
399,2017-02-03,5.0
400,2017-02-04,1.0
401,2017-02-05,5.0
402,2017-02-06,31.0
403,2017-02-07,49.0
404,2017-02-08,32.0
405,2017-02-09,11.0
406,2017-02-10,11.0
407,2017-02-11,22.0
408,2017-02-12,41.0
409,2017-02-13,39.0
410,2017-02-14,20.0
411,2017-02-15,54.0
412,2017-02-16,26.0
413,2017-02-17,28.0
414,2017-02-18,20.0
415,2017-02-19,10.0
416,2017-02-20,27.0
417,2017-02-21,13.0
418,2017-02-22,22.0
419,2017-02-23,23.0
420,2017-02-24,1.0
421,2017-02-25,0.0
422,2017-02-26,0.0
423,2017-02-27,0.0
424,2017-02-28,15.0
425,2017-03-01,34.0
426,2017-03-02,11.0
427,2017-03-03,25.0
428,2017-03-04,35.0
429,2017-03-05,32.0
430,2017-03-06,18.0
431,2017-03-07,25.0
432,2017-03-08,29.0
433,2017-03-09,45.0
434,2017-03-10,53.0
435,2017-03-11,15.0
436,2017-03-12,26.0
437,2017-03-13,21.0
438,2017-03-14,25.0
439,2017-03-15,14.0
440,2017-03-16,19.0
441,2017-03-17,24.0
442,2017-03-18,5.0
443,2017-03-19,18.0
444,2017-03-20,21.0
445,2017-03-21,3.0
446,2017-03-22,8.0
447,2017-03-23,4.0
448,2017-03-24,25.0
449,2017-03-25,13.0
450,2017-03-26,23.0
451,2017-03-27,10.0
452,2017-03-28,34.0
453,2017-03-29,11.0
454,2017-03-30,17.0
455,2017-03-31,32.0
456,2017-04-01,13.0
457,2017-04-02,4.0
458,2017-04-03,4.0
459,2017-04-04,2.0
460,2017-04-05,8.0
461,2017-04-06,1.0
462,2017-04-07,10.0
463,2017-04-08,3.0
464,2017-04-09,3.0
465,2017-04-10,1.0
466,2017-04-11,23.0
467,2017-04-12,5.0
468,2017-04-13,16.0
469,2017-04-14,5.0
470,2017-04-15,8.0
471,2017-04-16,8.0
472,2017-04-17,7.0
473,2017-04-18,33.0
474,2017-04-19,10.0
475,2017-04-20,10.0
476,2017-04-21,11.0
477,2017-04-22,8.0
478,2017-04-23,4.0
479,2017-04-24,0.0
480,2017-04-25,0.0
481,2017-04-26,2.0
482,2017-04-27,4.0
483,2017-04-28,14.0
484,2017-04-29,0.0
485,2017-04-30,9.0
486,2017-05-01,41.0
487,2017-05-02,35.0
488,2017-05-03,14.0
489,2017-05-04,31.0
490,2017-05-05,20.0
491,2017-05-06,35.0
492,2017-05-07,27.0
493,2017-05-08,29.0
494,2017-05-09,28.0
495,2017-05-10,21.0
496,2017-05-11,16.0
497,2017-05-12,23.0
498,2017-05-13,12.0
499,2017-05-14,27.0
500,2017-05-15,24.0
501,2017-05-16,11.0
502,2017-05-17,12.0
503,2017-05-18,1.0
504,2017-05-19,12.0
505,2017-05-20,15.0
506,2017-05-21,28.0
507,2017-05-22,18.0
508,2017-05-23,15.0
509,2017-05-24,7.0
510,2017-05-25,21.0
511,2017-05-26,29.0
512,2017-05-27,22.0
513,2017-05-28,29.0
514,2017-05-29,40.0
515,2017-05-30,33.0
516,2017-05-31,28.0
517,2017-06-01,18.0
518,2017-06-02,20.0
519,2017-06-03,45.0
520,2017-06-04,29.0
521,2017-06-05,33.0
522,2017-06-06,28.0
523,2017-06-07,36.0
524,2017-06-08,27.0
525,2017-06-09,29.0
526,2017-06-10,24.0
527,2017-06-11,24.0
528,2017-06-12,29.0
529,2017-06-13,22.0
530,2017-06-14,12.0
531,2017-06-15,2.0
532,2017-06-16,3.0
533,2017-06-17,6.0
534,2017-06-18,11.0
535,2017-06-19,15.0
536,2017-06-20,19.0
537,2017-06-21,23.0
538,2017-06-22,36.0
539,2017-06-23,12.0
540,2017-06-24,35.0
541,2017-06-25,30.0
542,2017-06-26,13.0
543,2017-06-27,23.0
544,2017-06-28,27.0
545,2017-06-29,30.0
546,2017-06-30,24.0
547,2017-07-01,25.0
548,2017-07-02,21.0
549,2017-07-03,44.0
550,2017-07-04,21.0
551,2017-07-05,12.0
552,2017-07-06,27.0
553,2017-07-07,21.0
554,2017-07-08,14.0
555,2017-07-09,9.0
556,2017-07-10,9.0
557,2017-07-11,12.0
558,2017-07-12,19.0
559,2017-07-13,23.0
560,2017-07-14,10.0
561,2017-07-15,9.0
562,2017-07-16,3.0
563,2017-07-17,47.0
564,2017-07-18,28.0
565,2017-07-19,81.0
566,2017-07-20,63.0
567,2017-07-21,28.0
568,2017-07-22,28.0
569,2017-07-23,12.0
570,2017-07-24,38.0
571,2017-07-25,15.0
572,2017-07-26,19.0
573,2017-07-27,30.0
574,2017-07-28,17.0
575,2017-07-29,19.0
576,2017-07-30,12.0
577,2017-07-31,56.0
578,2017-08-01,19.0
579,2017-08-02,20.0
580,2017-08-03,46.0
581,2017-08-04,20.0
582,2017-08-05,26.0
583,2017-08-06,10.0
584,2017-08-07,15.0
585,2017-08-08,25.0
586,2017-08-09,32.0
587,2017-08-10,14.0
588,2017-08-11,35.0
589,2017-08-12,16.0
590,2017-08-13,27.0
591,2017-08-14,53.0
592,2017-08-15,8.0
593,2017-08-16,11.0
594,2017-08-17,10.0
595,2017-08-18,14.0
596,2017-08-19,7.0
597,2017-08-20,14.0
598,2017-08-21,16.0
599,2017-08-22,25.0
600,2017-08-23,37.0
601,2017-08-24,19.0
602,2017-08-25,28.0
603,2017-08-26,16.0
604,2017-08-27,10.0
605,2017-08-28,18.0
606,2017-08-29,19.0
607,2017-08-30,25.0
608,2017-08-31,28.0
609,2017-09-01,21.0
610,2017-09-02,19.0
611,2017-09-03,17.0
612,2017-09-04,43.0
613,2017-09-05,32.0
614,2017-09-06,39.0
615,2017-09-07,28.0
616,2017-09-08,0.0
617,2017-09-09,6.0
618,2017-09-10,25.0
619,2017-09-11,15.0
620,2017-09-12,29.0
621,2017-09-13,27.0
622,2017-09-14,49.0
623,2017-09-15,31.0
624,2017-09-16,27.0
625,2017-09-17,6.0
626,2017-09-18,17.0
627,2017-09-19,18.0
628,2017-09-20,14.0
629,2017-09-21,12.0
630,2017-09-22,12.0
631,2017-09-23,7.0
632,2017-09-24,3.0
633,2017-09-25,22.0
634,2017-09-26,33.0
635,2017-09-27,24.0
636,2017-09-28,23.0
637,2017-09-29,27.0
638,2017-09-30,23.0
639,2017-10-01,15.0
640,2017-10-02,25.0
641,2017-10-03,28.0
642,2017-10-04,37.0
643,2017-10-05,11.0
644,2017-10-06,21.0
645,2017-10-07,3.0
646,2017-10-08,13.0
647,2017-10-09,11.0
648,2017-10-10,16.0
649,2017-10-11,21.0
650,2017-10-12,11.0
651,2017-10-13,0.0
652,2017-10-14,0.0
653,2017-10-15,11.0
654,2017-10-16,26.0
655,2017-10-17,38.0
656,2017-10-18,45.0
657,2017-10-19,31.0
658,2017-10-20,23.0
659,2017-10-21,10.0
660,2017-10-22,14.0
661,2017-10-23,26.0
662,2017-10-24,13.0
663,2017-10-25,17.0
664,2017-10-26,29.0
665,2017-10-27,10.0
666,2017-10-28,16.0
667,2017-10-29,19.0
668,2017-10-30,30.0
669,2017-10-31,15.0
670,2017-11-01,2.0
671,2017-11-02,15.0
672,2017-11-03,11.0
673,2017-11-04,2.0
674,2017-11-05,15.0
675,2017-11-06,8.0
676,2017-11-07,13.0
677,2017-11-08,14.0
678,2017-11-09,16.0
679,2017-11-10,12.0
680,2017-11-11,4.0
681,2017-11-12,6.0
682,2017-11-13,21.0
683,2017-11-14,4.0
684,2017-11-15,6.0
685,2017-11-16,7.0
686,2017-11-17,12.0
687,2017-11-18,1.0
688,2017-11-19,5.0
689,2017-11-20,23.0
690,2017-11-21,22.0
691,2017-11-22,12.0
692,2017-11-23,8.0
693,2017-11-24,16.0
694,2017-11-25,3.0
695,2017-11-26,14.0
696,2017-11-27,15.0
697,2017-11-28,9.0
698,2017-11-29,6.0
699,2017-11-30,14.0
700,2017-12-01,6.0
701,2017-12-02,17.0
702,2017-12-03,3.0
703,2017-12-04,25.0
704,2017-12-05,27.0
705,2017-12-06,11.0
706,2017-12-07,0.0
707,2017-12-08,13.0
708,2017-12-09,32.0
709,2017-12-10,34.0
710,2017-12-11,1.0
711,2017-12-12,0.0
712,2017-12-13,0.0
713,2017-12-14,0.0
714,2017-12-15,0.0
715,2017-12-16,0.0
716,2017-12-17,0.0
717,2017-12-18,0.0
718,2017-12-19,0.0
719,2017-12-20,0.0
720,2017-12-21,0.0
721,2017-12-22,0.0
722,2017-12-23,21.0
723,2017-12-24,16.0
724,2017-12-25,4.0
725,2017-12-26,14.0
726,2017-12-27,14.0
727,2017-12-28,13.0
728,2017-12-29,15.0
729,2017-12-30,22.0
730,2017-12-31,13.0
731,2018-01-01,6.0
732,2018-01-02,10.0
733,2018-01-03,19.0
734,2018-01-04,4.0
735,2018-01-05,22.0
736,2018-01-06,9.0
737,2018-01-07,30.0
738,2018-01-08,17.0
739,2018-01-09,19.0
740,2018-01-10,3.0
741,2018-01-11,0.0
742,2018-01-12,3.0
743,2018-01-13,8.0
744,2018-01-14,17.0
745,2018-01-15,8.0
746,2018-01-16,1.0
747,2018-01-17,4.0
748,2018-01-18,3.0
749,2018-01-19,3.0
750,2018-01-20,0.0
751,2018-01-21,10.0
752,2018-01-22,3.0
753,2018-01-23,0.0
754,2018-01-24,2.0
755,2018-01-25,0.0
756,2018-01-26,8.0
757,2018-01-27,13.0
758,2018-01-28,9.0
759,2018-01-29,18.0
760,2018-01-30,32.0
761,2018-01-31,17.0
762,2018-02-01,22.0
763,2018-02-02,6.0
764,2018-02-03,17.0
765,2018-02-04,41.0
766,2018-02-05,17.0
767,2018-02-06,15.0
768,2018-02-07,14.0
769,2018-02-08,23.0
770,2018-02-09,20.0
771,2018-02-10,11.0
772,2018-02-11,26.0
773,2018-02-12,14.0
774,2018-02-13,24.0
775,2018-02-14,15.0
776,2018-02-15,5.0
777,2018-02-16,10.0
778,2018-02-17,30.0
779,2018-02-18,16.0
780,2018-02-19,7.0
781,2018-02-20,9.0
782,2018-02-21,14.0
783,2018-02-22,24.0
784,2018-02-23,20.0
785,2018-02-24,17.0
786,2018-02-25,19.0
787,2018-02-26,18.0
788,2018-02-27,7.0
789,2018-02-28,23.0
790,2018-03-01,18.0
791,2018-03-02,31.0
792,2018-03-03,24.0
793,2018-03-04,14.0
794,2018-03-05,25.0
795,2018-03-06,7.0
796,2018-03-07,8.0
797,2018-03-08,19.0
798,2018-03-09,27.0
799,2018-03-10,23.0
800,2018-03-11,5.0
801,2018-03-12,16.0
802,2018-03-13,10.0
803,2018-03-14,20.0
804,2018-03-15,15.0
805,2018-03-16,18.0
806,2018-03-17,28.0
807,2018-03-18,24.0
808,2018-03-19,11.0
809,2018-03-20,16.0
810,2018-03-21,16.0
811,2018-03-22,9.0
812,2018-03-23,0.0
813,2018-03-24,3.0
814,2018-03-25,8.0
815,2018-03-26,10.0
816,2018-03-27,11.0
817,2018-03-28,14.0
818,2018-03-29,11.0
819,2018-03-30,12.0
820,2018-03-31,20.0
821,2018-04-01,20.0
822,2018-04-02,17.0
823,2018-04-03,1.0
824,2018-04-04,23.0
825,2018-04-05,12.0
826,2018-04-06,5.0
827,2018-04-07,18.0
828,2018-04-08,3.0
829,2018-04-09,4.0
830,2018-04-10,18.0
831,2018-04-11,9.0
832,2018-04-12,17.0
833,2018-04-13,8.0
834,2018-04-14,17.0
835,2018-04-15,28.0
836,2018-04-16,9.0
837,2018-04-17,28.0
838,2018-04-18,5.0
839,2018-04-19,9.0
840,2018-04-20,11.0
841,2018-04-21,15.0
842,2018-04-22,9.0
843,2018-04-23,17.0
844,2018-04-24,18.0
845,2018-04-25,20.0
846,2018-04-26,11.0
847,2018-04-27,15.0
848,2018-04-28,16.0
849,2018-04-29,10.0
850,2018-04-30,11.0
851,2018-05-01,13.0
852,2018-05-02,7.0
853,2018-05-03,8.0
854,2018-05-04,0.0
855,2018-05-05,8.0
856,2018-05-06,28.0
857,2018-05-07,7.0
858,2018-05-08,4.0
859,2018-05-09,3.0
860,2018-05-10,2.0
861,2018-05-11,6.0
862,2018-05-12,3.0
863,2018-05-13,12.0
864,2018-05-14,9.0
865,2018-05-15,1.0
866,2018-05-16,8.0
867,2018-05-17,10.0
868,2018-05-18,13.0
869,2018-05-19,15.0
870,2018-05-20,33.0
871,2018-05-21,18.0
872,2018-05-22,16.0
873,2018-05-23,6.0
874,2018-05-24,9.0
875,2018-05-25,14.0
876,2018-05-26,16.0
877,2018-05-27,21.0
878,2018-05-28,33.0
879,2018-05-29,16.0
880,2018-05-30,28.0
881,2018-05-31,14.0
882,2018-06-01,10.0
883,2018-06-02,18.0
884,2018-06-03,23.0
885,2018-06-04,19.0
886,2018-06-05,10.0
887,2018-06-06,10.0
888,2018-06-07,10.0
889,2018-06-08,14.0
890,2018-06-09,17.0
891,2018-06-10,27.0
892,2018-06-11,17.0
893,2018-06-12,13.0
894,2018-06-13,26.0
895,2018-06-14,7.0
896,2018-06-15,1.0
897,2018-06-16,7.0
898,2018-06-17,10.0
899,2018-06-18,3.0
900,2018-06-19,7.0
901,2018-06-20,9.0
902,2018-06-21,10.0
903,2018-06-22,24.0
904,2018-06-23,26.0
905,2018-06-24,6.0
906,2018-06-25,14.0
907,2018-06-26,9.0
908,2018-06-27,7.0
909,2018-06-28,5.0
910,2018-06-29,2.0
911,2018-06-30,19.0
912,2018-07-01,9.0
913,2018-07-02,13.0
914,2018-07-03,21.0
915,2018-07-04,12.0
916,2018-07-05,14.0
917,2018-07-06,17.0
918,2018-07-07,15.0
919,2018-07-08,27.0
920,2018-07-09,13.0
921,2018-07-10,5.0
922,2018-07-11,0.0
923,2018-07-12,18.0
924,2018-07-13,19.0
925,2018-07-14,0.0
926,2018-07-15,0.0
927,2018-07-16,20.0
928,2018-07-17,25.0
929,2018-07-18,20.0
930,2018-07-19,24.0
931,2018-07-20,10.0
932,2018-07-21,8.0
933,2018-07-22,21.0
934,2018-07-23,22.0
935,2018-07-24,6.0
936,2018-07-25,10.0
937,2018-07-26,7.0
938,2018-07-27,7.0
939,2018-07-28,24.0
940,2018-07-29,16.0
941,2018-07-30,5.0
942,2018-07-31,0.0
943,2018-08-01,0.0
944,2018-08-02,3.0
945,2018-08-03,1.0
946,2018-08-04,6.0
947,2018-08-05,5.0
948,2018-08-06,0.0
949,2018-08-07,3.0
950,2018-08-08,6.0
951,2018-08-09,8.0
952,2018-08-10,7.0
953,2018-08-11,13.0
954,2018-08-12,3.0
955,2018-08-13,6.0
956,2018-08-14,15.0
957,2018-08-15,3.0
958,2018-08-16,17.0
959,2018-08-17,12.0
960,2018-08-18,20.0
961,2018-08-19,21.0
962,2018-08-20,18.0
963,2018-08-21,7.0
964,2018-08-22,13.0
965,2018-08-23,12.0
966,2018-08-24,8.0
967,2018-08-25,13.0
968,2018-08-26,26.0
969,2018-08-27,4.0
970,2018-08-28,8.0
971,2018-08-29,13.0
972,2018-08-30,4.0
973,2018-08-31,11.0
974,2018-09-01,9.0
975,2018-09-02,7.0
976,2018-09-03,5.0
977,2018-09-04,12.0
978,2018-09-05,7.0
979,2018-09-06,7.0
980,2018-09-07,4.0
981,2018-09-08,5.0
982,2018-09-09,1.0
983,2018-09-10,10.0
984,2018-09-11,4.0
985,2018-09-12,7.0
986,2018-09-13,2.0
987,2018-09-14,9.0
988,2018-09-15,2.0
989,2018-09-16,9.0
990,2018-09-17,11.0
991,2018-09-18,11.0
992,2018-09-19,15.0
993,2018-09-20,11.0
994,2018-09-21,4.0
995,2018-09-22,0.0
996,2018-09-23,5.0
997,2018-09-24,8.0
998,2018-09-25,12.0
999,2018-09-26,9.0
1000,2018-09-27,10.0
1001,2018-09-28,4.0
1002,2018-09-29,6.0
1003,2018-09-30,9.0
1004,2018-10-01,12.0
1005,2018-10-02,12.0
1006,2018-10-03,7.0
1007,2018-10-04,8.0
1008,2018-10-05,12.0
1009,2018-10-06,10.0
1010,2018-10-07,8.0
1011,2018-10-08,1.0
1012,2018-10-09,15.0
1013,2018-10-10,10.0
1014,2018-10-11,10.0
1015,2018-10-12,8.0
1016,2018-10-13,12.0
1017,2018-10-14,16.0
1018,2018-10-15,14.0
1019,2018-10-16,19.0
1020,2018-10-17,14.0
1021,2018-10-18,6.0
1022,2018-10-19,2.0
1023,2018-10-20,2.0
1024,2018-10-21,10.0
1025,2018-10-22,12.0
1026,2018-10-23,33.0
1027,2018-10-24,21.0
1028,2018-10-25,4.0
1029,2018-10-26,14.0
1030,2018-10-27,0.0
1031,2018-10-28,9.0
1032,2018-10-29,6.0
1033,2018-10-30,2.0
1034,2018-10-31,21.0
1035,2018-11-01,7.0
1036,2018-11-02,8.0
1037,2018-11-03,16.0
1038,2018-11-04,19.0
1039,2018-11-05,11.0
1040,2018-11-06,15.0
1041,2018-11-07,15.0
1042,2018-11-08,17.0
1043,2018-11-09,11.0
1044,2018-11-10,5.0
1045,2018-11-11,17.0
1046,2018-11-12,18.0
1047,2018-11-13,16.0
1048,2018-11-14,17.0
1049,2018-11-15,13.0
1050,2018-11-16,26.0
1051,2018-11-17,22.0
1052,2018-11-18,15.0
1053,2018-11-19,8.0
1054,2018-11-20,98.0
1055,2018-11-21,7.0
1056,2018-11-22,11.0
1057,2018-11-23,5.0
1058,2018-11-24,10.0
1059,2018-11-25,19.0
1060,2018-11-26,9.0
1061,2018-11-27,5.0
1062,2018-11-28,16.0
1063,2018-11-29,6.0
1064,2018-11-30,5.0
1065,2018-12-01,7.0
1066,2018-12-02,34.0
1067,2018-12-03,33.0
1068,2018-12-04,18.0
1069,2018-12-05,11.0
1070,2018-12-06,6.0
1071,2018-12-07,9.0
1072,2018-12-08,10.0
1073,2018-12-09,33.0
1074,2018-12-10,28.0
1075,2018-12-11,20.0
1076,2018-12-12,26.0
1077,2018-12-13,33.0
1078,2018-12-14,14.0
1079,2018-12-15,16.0
1080,2018-12-16,23.0
1081,2018-12-17,2.0
1082,2018-12-18,6.0
1083,2018-12-19,8.0
1084,2018-12-20,5.0
1085,2018-12-21,3.0
1086,2018-12-22,17.0
1087,2018-12-23,28.0
1088,2018-12-24,27.0
1089,2018-12-25,8.0
1090,2018-12-26,22.0
1091,2018-12-27,11.0
1092,2018-12-28,12.0
1093,2018-12-29,19.0
1094,2018-12-30,23.0
1095,2018-12-31,36.0
1096,2019-01-01,5.0
1097,2019-01-02,20.0
1098,2019-01-03,26.0
1099,2019-01-04,17.0
1100,2019-01-05,23.0
1101,2019-01-06,27.0
1102,2019-01-07,10.0
1103,2019-01-08,14.0
1104,2019-01-09,5.0
1105,2019-01-10,10.0
1106,2019-01-11,1.0
1107,2019-01-12,15.0
1108,2019-01-13,36.0
1109,2019-01-14,31.0
1110,2019-01-15,44.0
1111,2019-01-16,29.0
1112,2019-01-17,14.0
1113,2019-01-18,15.0
1114,2019-01-19,2.0
1115,2019-01-20,11.0
1116,2019-01-21,17.0
1117,2019-01-22,16.0
1118,2019-01-23,4.0
1119,2019-01-24,8.0
1120,2019-01-25,16.0
1121,2019-01-26,24.0
1122,2019-01-27,31.0
1123,2019-01-28,19.0
1124,2019-01-29,23.0
1125,2019-01-30,15.0
1126,2019-01-31,13.0
1127,2019-02-01,4.0
1128,2019-02-02,16.0
1129,2019-02-03,9.0
1130,2019-02-04,8.0
1131,2019-02-05,20.0
1132,2019-02-06,18.0
1133,2019-02-07,22.0
1134,2019-02-08,24.0
1135,2019-02-09,18.0
1136,2019-02-10,23.0
1137,2019-02-11,33.0
1138,2019-02-12,11.0
1139,2019-02-13,7.0
1140,2019-02-14,8.0
1141,2019-02-15,9.0
1142,2019-02-16,22.0
1143,2019-02-17,17.0
1144,2019-02-18,13.0
1145,2019-02-19,4.0
1146,2019-02-20,8.0
1147,2019-02-21,7.0
1148,2019-02-22,7.0
1149,2019-02-23,4.0
1150,2019-02-24,11.0
1151,2019-02-25,13.0
1152,2019-02-26,5.0
1153,2019-02-27,8.0
1154,2019-02-28,11.0
1155,2019-03-01,16.0
1156,2019-03-02,14.0
1157,2019-03-03,15.0
1158,2019-03-04,23.0
1159,2019-03-05,18.0
1160,2019-03-06,6.0
1161,2019-03-07,3.0
1162,2019-03-08,6.0
1163,2019-03-09,13.0
1164,2019-03-10,31.0
1165,2019-03-11,5.0
1166,2019-03-12,10.0
1167,2019-03-13,17.0
1168,2019-03-14,13.0
1169,2019-03-15,4.0
1170,2019-03-16,0.0
1171,2019-03-17,23.0
1172,2019-03-18,18.0
1173,2019-03-19,7.0
1174,2019-03-20,9.0
1175,2019-03-21,8.0
1176,2019-03-22,10.0
1177,2019-03-23,11.0
1178,2019-03-24,13.0
1179,2019-03-25,7.0
1180,2019-03-26,3.0
1181,2019-03-27,8.0
1182,2019-03-28,8.0
1183,2019-03-29,2.0
1184,2019-03-30,4.0
1185,2019-03-31,3.0
1186,2019-04-01,17.0
1187,2019-04-02,6.0
1188,2019-04-03,12.0
1189,2019-04-04,14.0
1190,2019-04-05,4.0
1191,2019-04-06,12.0
1192,2019-04-07,20.0
1193,2019-04-08,12.0
1194,2019-04-09,14.0
1195,2019-04-10,7.0
1196,2019-04-11,2.0
1197,2019-04-12,27.0
1198,2019-04-13,21.0
1199,2019-04-14,26.0
1200,2019-04-15,11.0
1201,2019-04-16,9.0
1202,2019-04-17,6.0
1203,2019-04-18,26.0
1204,2019-04-19,10.0
1205,2019-04-20,15.0
1206,2019-04-21,11.0
1207,2019-04-22,2.0
1208,2019-04-23,6.0
1209,2019-04-24,1.0
1210,2019-04-25,2.0
1211,2019-04-26,13.0
1212,2019-04-27,0.0
1213,2019-04-28,4.0
1214,2019-04-29,11.0
1215,2019-04-30,39.0
1216,2019-05-01,26.0
1217,2019-05-02,18.0
1218,2019-05-03,11.0
1219,2019-05-04,13.0
1220,2019-05-05,12.0
1221,2019-05-06,11.0
1222,2019-05-07,18.0
1223,2019-05-08,8.0
1224,2019-05-09,10.0
1225,2019-05-10,7.0
1226,2019-05-11,9.0
1227,2019-05-12,0.0
1228,2019-05-13,3.0
1229,2019-05-14,11.0
1230,2019-05-15,16.0
1231,2019-05-16,6.0
1232,2019-05-17,11.0
1233,2019-05-18,2.0
1234,2019-05-19,4.0
1235,2019-05-20,2.0
1236,2019-05-21,17.0
1237,2019-05-22,16.0
1238,2019-05-23,9.0
1239,2019-05-24,3.0
1240,2019-05-25,13.0
1241,2019-05-26,23.0
1242,2019-05-27,15.0
1243,2019-05-28,4.0
1244,2019-05-29,6.0
1245,2019-05-30,12.0
1246,2019-05-31,7.0
1247,2019-06-01,2.0
1248,2019-06-02,11.0
1249,2019-06-03,5.0
1250,2019-06-04,14.0
1251,2019-06-05,22.0
1252,2019-06-06,9.0
1253,2019-06-07,15.0
1254,2019-06-08,13.0
1255,2019-06-09,11.0
1256,2019-06-10,16.0
1257,2019-06-11,13.0
1258,2019-06-12,20.0
1259,2019-06-13,17.0
1260,2019-06-14,14.0
1261,2019-06-15,22.0
1262,2019-06-16,27.0
1263,2019-06-17,24.0
1264,2019-06-18,14.0
1265,2019-06-19,21.0
1266,2019-06-20,11.0
1267,2019-06-21,22.0
1268,2019-06-22,11.0
1269,2019-06-23,19.0
1270,2019-06-24,11.0
1271,2019-06-25,22.0
1272,2019-06-26,13.0
1273,2019-06-27,30.0
1274,2019-06-28,5.0
1275,2019-06-29,6.0
1276,2019-06-30,13.0
1277,2019-07-01,9.0
1278,2019-07-02,17.0
1279,2019-07-03,20.0
1280,2019-07-04,10.0
1281,2019-07-05,6.0
1282,2019-07-06,3.0
1283,2019-07-07,7.0
1284,2019-07-08,19.0
1285,2019-07-09,14.0
1286,2019-07-10,7.0
1287,2019-07-11,4.0
1288,2019-07-12,6.0
1289,2019-07-13,4.0
1290,2019-07-14,13.0
1291,2019-07-15,10.0
1292,2019-07-16,10.0
1293,2019-07-17,18.0
1294,2019-07-18,6.0
1295,2019-07-19,7.0
1296,2019-07-20,15.0
1297,2019-07-21,28.0
1298,2019-07-22,14.0
1299,2019-07-23,18.0
1300,2019-07-24,14.0
1301,2019-07-25,2.0
1302,2019-07-26,3.0
1303,2019-07-27,13.0
1304,2019-07-28,22.0
1305,2019-07-29,21.0
1306,2019-07-30,36.0
1307,2019-07-31,14.0
1308,2019-08-01,19.0
1309,2019-08-02,22.0
1310,2019-08-03,10.0
1311,2019-08-04,11.0
1312,2019-08-05,11.0
1313,2019-08-06,11.0
1314,2019-08-07,8.0
1315,2019-08-08,9.0
1316,2019-08-09,12.0
1317,2019-08-10,4.0
1318,2019-08-11,17.0
1319,2019-08-12,7.0
1320,2019-08-13,10.0
1321,2019-08-14,10.0
1322,2019-08-15,8.0
1323,2019-08-16,3.0
1324,2019-08-17,17.0
1325,2019-08-18,16.0
1326,2019-08-19,15.0
1327,2019-08-20,17.0
1328,2019-08-21,15.0
1329,2019-08-22,12.0
1330,2019-08-23,15.0
1331,2019-08-24,9.0
1332,2019-08-25,32.0
1333,2019-08-26,7.0
1334,2019-08-27,14.0
1335,2019-08-28,11.0
1336,2019-08-29,15.0
1337,2019-08-30,9.0
1338,2019-08-31,25.0
1339,2019-09-01,19.0
1340,2019-09-02,7.0
1341,2019-09-03,29.0
1342,2019-09-04,17.0
1343,2019-09-05,14.0
1344,2019-09-06,17.0
1345,2019-09-07,25.0
1346,2019-09-08,26.0
1347,2019-09-09,23.0
1348,2019-09-10,20.0
1349,2019-09-11,5.0
1350,2019-09-12,15.0
1351,2019-09-13,6.0
1352,2019-09-14,19.0
1353,2019-09-15,14.0
1354,2019-09-16,11.0
1355,2019-09-17,13.0
1356,2019-09-18,11.0
1357,2019-09-19,14.0
1358,2019-09-20,9.0
1359,2019-09-21,17.0
1360,2019-09-22,17.0
1361,2019-09-23,27.0
1362,2019-09-24,16.0
1363,2019-09-25,7.0
1364,2019-09-26,8.0
1365,2019-09-27,18.0
1366,2019-09-28,7.0
1367,2019-09-29,11.0
1368,2019-09-30,56.0
1369,2019-10-01,38.0
1370,2019-10-02,23.0
1371,2019-10-03,27.0
1372,2019-10-04,7.0
1373,2019-10-05,10.0
1374,2019-10-06,4.0
1375,2019-10-07,18.0
1376,2019-10-08,18.0
1377,2019-10-09,2.0
1378,2019-10-10,26.0
1379,2019-10-11,16.0
1380,2019-10-12,8.0
1381,2019-10-13,23.0
1382,2019-10-14,14.0
1383,2019-10-15,14.0
1384,2019-10-16,7.0
1385,2019-10-17,8.0
1386,2019-10-18,6.0
1387,2019-10-19,8.0
1388,2019-10-20,7.0
1389,2019-10-21,17.0
1390,2019-10-22,10.0
1391,2019-10-23,17.0
1392,2019-10-24,19.0
1393,2019-10-25,10.0
1394,2019-10-26,20.0
1395,2019-10-27,17.0
1396,2019-10-28,11.0
1397,2019-10-29,8.0
1398,2019-10-30,2.0
1399,2019-10-31,6.0
1400,2019-11-01,5.0
1401,2019-11-02,1.0
1402,2019-11-03,7.0
1403,2019-11-04,34.0
1404,2019-11-05,32.0
1405,2019-11-06,5.0
1406,2019-11-07,10.0
1407,2019-11-08,11.0
1408,2019-11-09,3.0
1409,2019-11-10,20.0
1410,2019-11-11,5.0
1411,2019-11-12,16.0
1412,2019-11-13,20.0
1413,2019-11-14,12.0
1414,2019-11-15,17.0
1415,2019-11-16,0.0
1416,2019-11-17,15.0
1417,2019-11-18,9.0
1418,2019-11-19,4.0
1419,2019-11-20,13.0
1420,2019-11-21,1.0
1421,2019-11-22,6.0
1422,2019-11-23,1.0
1423,2019-11-24,1.0
1424,2019-11-25,8.0
1425,2019-11-26,15.0
1426,2019-11-27,16.0
1427,2019-11-28,8.0
1428,2019-11-29,19.0
1429,2019-11-30,11.0
1430,2019-12-01,8.0
1431,2019-12-02,28.0
1432,2019-12-03,14.0
1433,2019-12-04,6.0
1434,2019-12-05,8.0
1435,2019-12-06,3.0
1436,2019-12-07,12.0
1437,2019-12-08,8.0
1438,2019-12-09,15.0
1439,2019-12-10,19.0
1440,2019-12-11,9.0
1441,2019-12-12,8.0
1442,2019-12-13,6.0
1443,2019-12-14,13.0
1444,2019-12-15,24.0
1445,2019-12-16,4.0
1446,2019-12-17,13.0
1447,2019-12-18,12.0
1448,2019-12-19,9.0
1449,2019-12-20,22.0
1450,2019-12-21,3.0
1451,2019-12-22,14.0
1452,2019-12-23,18.0
1453,2019-12-24,7.0
1454,2019-12-25,0.0
1455,2019-12-26,5.0
1456,2019-12-27,13.0
1457,2019-12-28,17.0
1458,2019-12-29,9.0
1459,2019-12-30,15.0
1460,2019-12-31,2.0
1461,2020-01-01,2.0
1462,2020-01-02,9.0
1463,2020-01-03,38.0
1464,2020-01-04,29.0
1465,2020-01-05,18.0
1466,2020-01-06,13.0
1467,2020-01-07,17.0
1468,2020-01-08,7.0
1469,2020-01-09,4.0
1470,2020-01-10,8.0
1471,2020-01-11,1.0
1472,2020-01-12,3.0
1473,2020-01-13,5.0
1474,2020-01-14,2.0
1475,2020-01-15,6.0
1476,2020-01-16,3.0
1477,2020-01-17,6.0
1478,2020-01-18,17.0
1479,2020-01-19,21.0
1480,2020-01-20,2.0
1481,2020-01-21,11.0
1482,2020-01-22,19.0
1483,2020-01-23,9.0
1484,2020-01-24,8.0
1485,2020-01-25,9.0
1486,2020-01-26,19.0
1487,2020-01-27,12.0
1488,2020-01-28,31.0
1489,2020-01-29,34.0
1490,2020-01-30,14.0
1491,2020-01-31,14.0
1492,2020-02-01,31.0
1493,2020-02-02,29.0
1494,2020-02-03,20.0
1495,2020-02-04,15.0
1496,2020-02-05,25.0
1497,2020-02-06,14.0
1498,2020-02-07,26.0
1499,2020-02-08,20.0
1500,2020-02-09,23.0
1501,2020-02-10,14.0
1502,2020-02-11,14.0
1503,2020-02-12,26.0
1504,2020-02-13,20.0
1505,2020-02-14,38.0
1506,2020-02-15,38.0
1507,2020-02-16,36.0
1508,2020-02-17,14.0
1509,2020-02-18,30.0
1510,2020-02-19,12.0
1511,2020-02-20,42.0
1512,2020-02-21,12.0
1513,2020-02-22,19.0
1514,2020-02-23,15.0
1515,2020-02-24,25.0
1516,2020-02-25,15.0
1517,2020-02-26,26.0
1518,2020-02-27,35.0
1519,2020-02-28,18.0
1520,2020-02-29,25.0
1521,2020-03-01,21.0
1522,2020-03-02,34.0
1523,2020-03-03,25.0
1524,2020-03-04,30.0
1525,2020-03-05,25.0
1526,2020-03-06,8.0
1527,2020-03-07,7.0
1528,2020-03-08,3.0
1529,2020-03-09,11.0
1530,2020-03-10,7.0
1531,2020-03-11,13.0
1532,2020-03-12,8.0
1533,2020-03-13,6.0
1534,2020-03-14,13.0
1535,2020-03-15,16.0
1536,2020-03-16,10.0
1537,2020-03-17,7.0
1538,2020-03-18,5.0
1539,2020-03-19,7.0
1540,2020-03-20,9.0
1541,2020-03-21,2.0
1542,2020-03-22,7.0
1543,2020-03-23,14.0
1544,2020-03-24,37.0
1545,2020-03-25,27.0
1546,2020-03-26,17.0
1547,2020-03-27,15.0
1548,2020-03-28,18.0
1549,2020-03-29,17.0
1550,2020-03-30,4.0
1551,2020-03-31,7.0
1552,2020-04-01,12.0
1553,2020-04-02,6.0
1554,2020-04-03,6.0
1555,2020-04-04,0.0
1556,2020-04-05,11.0
1557,2020-04-06,6.0
1558,2020-04-07,0.0
1559,2020-04-08,0.0
1560,2020-04-09,5.0
1561,2020-04-10,9.0
1562,2020-04-11,6.0
1563,2020-04-12,12.0
1564,2020-04-13,12.0
1565,2020-04-14,7.0
1566,2020-04-15,3.0
1567,2020-04-16,4.0
1568,2020-04-17,0.0
1569,2020-04-18,9.0
1570,2020-04-19,6.0
1571,2020-04-20,11.0
1572,2020-04-21,12.0
1573,2020-04-22,7.0
1574,2020-04-23,12.0
1575,2020-04-24,14.0
1576,2020-04-25,17.0
1577,2020-04-26,16.0
1578,2020-04-27,4.0
1579,2020-04-28,34.0
1580,2020-04-29,25.0
1581,2020-04-30,7.0
1582,2020-05-01,17.0
1583,2020-05-02,8.0
1584,2020-05-03,25.0
1585,2020-05-04,7.0
1586,2020-05-05,9.0
1587,2020-05-06,15.0
1588,2020-05-07,8.0
1589,2020-05-08,17.0
1590,2020-05-09,21.0
1591,2020-05-10,17.0
1592,2020-05-11,15.0
1593,2020-05-12,11.0
1594,2020-05-13,2.0
1595,2020-05-14,4.0
1596,2020-05-15,16.0
1597,2020-05-16,16.0
1598,2020-05-17,20.0
1599,2020-05-18,20.0
1600,2020-05-19,11.0
1601,2020-05-20,13.0
1602,2020-05-21,20.0
1603,2020-05-22,24.0
1604,2020-05-23,16.0
1605,2020-05-24,24.0
1606,2020-05-25,29.0
1607,2020-05-26,15.0
1608,2020-05-27,17.0
1609,2020-05-28,11.0
1610,2020-05-29,18.0
1611,2020-05-30,6.0
1612,2020-05-31,12.0
1613,2020-06-01,7.0
1614,2020-06-02,12.0
1615,2020-06-03,3.0
1616,2020-06-04,3.0
1617,2020-06-05,8.0
1618,2020-06-06,9.0
1619,2020-06-07,13.0
1620,2020-06-08,7.0
1621,2020-06-09,14.0
1622,2020-06-10,5.0
1623,2020-06-11,6.0
1624,2020-06-12,6.0
1625,2020-06-13,3.0
1626,2020-06-14,10.0
1627,2020-06-15,12.0
1628,2020-06-16,6.0
1629,2020-06-17,7.0
1630,2020-06-18,8.0
1631,2020-06-19,6.0
1632,2020-06-20,12.0
1633,2020-06-21,0.0
1634,2020-06-22,13.0
1635,2020-06-23,8.0
1636,2020-06-24,12.0
1637,2020-06-25,15.0
1638,2020-06-26,4.0
1639,2020-06-27,21.0
1640,2020-06-28,15.0
1641,2020-06-29,9.0
1642,2020-06-30,4.0
1643,2020-07-01,11.0
1644,2020-07-02,9.0
1645,2020-07-03,3.0
1646,2020-07-04,16.0
1647,2020-07-05,17.0
1648,2020-07-06,6.0
1649,2020-07-07,7.0
1650,2020-07-08,19.0
1651,2020-07-09,26.0
1652,2020-07-10,19.0
1653,2020-07-11,14.0
1654,2020-07-12,11.0
1655,2020-07-13,26.0
1656,2020-07-14,6.0
1657,2020-07-15,10.0
1658,2020-07-16,8.0
1659,2020-07-17,8.0
1660,2020-07-18,7.0
1661,2020-07-19,7.0
1662,2020-07-20,9.0
1663,2020-07-21,11.0
1664,2020-07-22,9.0
1665,2020-07-23,12.0
1666,2020-07-24,10.0
1667,2020-07-25,10.0
1668,2020-07-26,20.0
1669,2020-07-27,2.0
1670,2020-07-28,9.0
1671,2020-07-29,7.0
1672,2020-07-30,2.0
1673,2020-07-31,18.0
1674,2020-08-01,24.0
1675,2020-08-02,22.0
1676,2020-08-03,22.0
1677,2020-08-04,13.0
1678,2020-08-05,10.0
1679,2020-08-06,2.0
1680,2020-08-07,5.0
1681,2020-08-08,3.0
1682,2020-08-09,10.0
1683,2020-08-10,8.0
1684,2020-08-11,3.0
1685,2020-08-12,4.0
1686,2020-08-13,0.0
1687,2020-08-14,13.0
1688,2020-08-15,11.0
1689,2020-08-16,12.0
1690,2020-08-17,10.0
1691,2020-08-18,7.0
1692,2020-08-19,15.0
1693,2020-08-20,9.0
1694,2020-08-21,11.0
1695,2020-08-22,16.0
1696,2020-08-23,7.0
1697,2020-08-24,4.0
1698,2020-08-25,3.0
1699,2020-08-26,7.0
1700,2020-08-27,6.0
1701,2020-08-28,4.0
1702,2020-08-29,8.0
1703,2020-08-30,9.0
1704,2020-08-31,5.0
1705,2020-09-01,5.0
1706,2020-09-02,6.0
1707,2020-09-03,8.0
1708,2020-09-04,3.0
1709,2020-09-05,6.0
1710,2020-09-06,17.0
1711,2020-09-07,16.0
1712,2020-09-08,25.0
1713,2020-09-09,6.0
1714,2020-09-10,16.0
1715,2020-09-11,9.0
1716,2020-09-12,7.0
1717,2020-09-13,5.0
1718,2020-09-14,5.0
1719,2020-09-15,6.0
1720,2020-09-16,17.0
1721,2020-09-17,21.0
1722,2020-09-18,8.0
1723,2020-09-19,21.0
1724,2020-09-20,17.0
1725,2020-09-21,12.0
1726,2020-09-22,20.0
1727,2020-09-23,9.0
1728,2020-09-24,14.0
1729,2020-09-25,6.0
1730,2020-09-26,25.0
1731,2020-09-27,15.0
1732,2020-09-28,15.0
1733,2020-09-29,33.0
1734,2020-09-30,39.0
1735,2020-10-01,34.0
1736,2020-10-02,45.0
1737,2020-10-03,11.0
1738,2020-10-04,40.0
1739,2020-10-05,34.0
1740,2020-10-06,37.0
1741,2020-10-07,38.0
1742,2020-10-08,29.0
1743,2020-10-09,30.0
1744,2020-10-10,31.0
1745,2020-10-11,35.0
1746,2020-10-12,42.0
1747,2020-10-13,18.0
1748,2020-10-14,15.0
1749,2020-10-15,16.0
1750,2020-10-16,11.0
1751,2020-10-17,9.0
1752,2020-10-18,14.0
1753,2020-10-19,18.0
1754,2020-10-20,10.0
1755,2020-10-21,20.0
1756,2020-10-22,19.0
1757,2020-10-23,20.0
1758,2020-10-24,2.0
1759,2020-10-25,22.0
1760,2020-10-26,26.0
1761,2020-10-27,21.0
1762,2020-10-28,9.0
1763,2020-10-29,10.0
1764,2020-10-30,16.0
1765,2020-10-31,17.0
1766,2020-11-01,26.0
1767,2020-11-02,30.0
1768,2020-11-03,33.0
1769,2020-11-04,28.0
1770,2020-11-05,34.0
1771,2020-11-06,15.0
1772,2020-11-07,3.0
1773,2020-11-08,10.0
1774,2020-11-09,15.0
1775,2020-11-10,15.0
1776,2020-11-11,16.0
1777,2020-11-12,15.0
1778,2020-11-13,17.0
1779,2020-11-14,12.0
1780,2020-11-15,15.0
1781,2020-11-16,18.0
1782,2020-11-17,19.0
1783,2020-11-18,12.0
1784,2020-11-19,4.0
1785,2020-11-20,12.0
1786,2020-11-21,16.0
1787,2020-11-22,16.0
1788,2020-11-23,14.0
1789,2020-11-24,4.0
1790,2020-11-25,5.0
1791,2020-11-26,5.0
1792,2020-11-27,7.0
1793,2020-11-28,24.0
1794,2020-11-29,7.0
1795,2020-11-30,16.0
1796,2020-12-01,11.0
1797,2020-12-02,6.0
1798,2020-12-03,5.0
1799,2020-12-04,5.0
1800,2020-12-05,9.0
1801,2020-12-06,0.0
1802,2020-12-07,9.0
1803,2020-12-08,16.0
1804,2020-12-09,8.0
1805,2020-12-10,0.0
1806,2020-12-11,5.0
1807,2020-12-12,0.0
1808,2020-12-13,6.0
1809,2020-12-14,3.0
1810,2020-12-15,31.0
1811,2020-12-16,28.0
1812,2020-12-17,33.0
1813,2020-12-18,32.0
1814,2020-12-19,7.0
1815,2020-12-20,27.0
1816,2020-12-21,7.0
1817,2020-12-22,7.0
1818,2020-12-23,7.0
1819,2020-12-24,0.0
1820,2020-12-25,6.0
1821,2020-12-26,10.0
1822,2020-12-27,4.0
1823,2020-12-28,8.0
1824,2020-12-29,3.0
1825,2020-12-30,15.0
1826,2020-12-31,3.0
1827,2021-01-01,3.0
1828,2021-01-02,10.0
1829,2021-01-03,11.0
1830,2021-01-04,23.0
1831,2021-01-05,19.0
1832,2021-01-06,14.0
1833,2021-01-07,3.0
1834,2021-01-08,8.0
1835,2021-01-09,4.0
1836,2021-01-10,7.0
1837,2021-01-11,13.0
1838,2021-01-12,8.0
1839,2021-01-13,12.0
1840,2021-01-14,21.0
1841,2021-01-15,2.0
1842,2021-01-16,10.0
1843,2021-01-17,22.0
1844,2021-01-18,12.0
1845,2021-01-19,4.0
1846,2021-01-20,15.0
1847,2021-01-21,7.0
1848,2021-01-22,17.0
1849,2021-01-23,14.0
1850,2021-01-24,5.0
1851,2021-01-25,7.0
1852,2021-01-26,3.0
1853,2021-01-27,6.0
1854,2021-01-28,1.0
1855,2021-01-29,0.0
1856,2021-01-30,4.0
1857,2021-01-31,5.0
1858,2021-02-01,11.0
1859,2021-02-02,7.0
1860,2021-02-03,8.0
1861,2021-02-04,3.0
1862,2021-02-05,21.0
1863,2021-02-06,6.0
1864,2021-02-07,7.0
1865,2021-02-08,16.0
1866,2021-02-09,40.0
1867,2021-02-10,19.0
1868,2021-02-11,24.0
1869,2021-02-12,23.0
1870,2021-02-13,21.0
1871,2021-02-14,13.0
1872,2021-02-15,14.0
1873,2021-02-16,24.0
1874,2021-02-17,22.0
1875,2021-02-18,4.0
1876,2021-02-19,12.0
1877,2021-02-20,2.0
1878,2021-02-21,13.0
1879,2021-02-22,9.0
1880,2021-02-23,11.0
1881,2021-02-24,4.0
1882,2021-02-25,4.0
1883,2021-02-26,4.0
1884,2021-02-27,9.0
1885,2021-02-28,9.0
1886,2021-03-01,17.0
1887,2021-03-02,17.0
1888,2021-03-03,19.0
1889,2021-03-04,7.0
1890,2021-03-05,12.0
1891,2021-03-06,8.0
1892,2021-03-07,25.0
1893,2021-03-08,9.0
1894,2021-03-09,22.0
1895,2021-03-10,15.0
1896,2021-03-11,25.0
1897,2021-03-12,14.0
1898,2021-03-13,13.0
1899,2021-03-14,17.0
1900,2021-03-15,23.0
1901,2021-03-16,10.0
1902,2021-03-17,36.0
1903,2021-03-18,26.0
1904,2021-03-19,33.0
1905,2021-03-20,11.0
1906,2021-03-21,12.0
1907,2021-03-22,22.0
1908,2021-03-23,24.0
1909,2021-03-24,10.0
1910,2021-03-25,28.0
1911,2021-03-26,8.0
1912,2021-03-27,20.0
1913,2021-03-28,14.0
1914,2021-03-29,12.0
1915,2021-03-30,12.0
1916,2021-03-31,13.0
1917,2021-04-01,3.0
1918,2021-04-02,6.0
1919,2021-04-03,10.0
1920,2021-04-04,1.0
1921,2021-04-05,6.0
1922,2021-04-06,2.0
1923,2021-04-07,1.0
1924,2021-04-08,0.0
1925,2021-04-09,8.0
1926,2021-04-10,19.0
1927,2021-04-11,4.0
1928,2021-04-12,2.0
1929,2021-04-13,27.0
1930,2021-04-14,21.0
1931,2021-04-15,19.0
1932,2021-04-16,19.0
1933,2021-04-17,15.0
1934,2021-04-18,5.0
1935,2021-04-19,11.0
1936,2021-04-20,18.0
1937,2021-04-21,18.0
1938,2021-04-22,18.0
1939,2021-04-23,20.0
1940,2021-04-24,29.0
1941,2021-04-25,16.0
1942,2021-04-26,16.0
1943,2021-04-27,12.0
1944,2021-04-28,26.0
1945,2021-04-29,30.0
1946,2021-04-30,9.0
1947,2021-05-01,24.0
1948,2021-05-02,32.0
1949,2021-05-03,34.0
1950,2021-05-04,27.0
1951,2021-05-05,26.0
1952,2021-05-06,34.0
1953,2021-05-07,49.0
1954,2021-05-08,28.0
1955,2021-05-09,17.0
1956,2021-05-10,18.0
1957,2021-05-11,22.0
1958,2021-05-12,12.0
1959,2021-05-13,11.0
1960,2021-05-14,13.0
1961,2021-05-15,12.0
1962,2021-05-16,21.0
1963,2021-05-17,42.0
1964,2021-05-18,20.0
1965,2021-05-19,20.0
1966,2021-05-20,3.0
1967,2021-05-21,20.0
1968,2021-05-22,6.0
1969,2021-05-23,9.0
1970,2021-05-24,15.0
1971,2021-05-25,23.0
1972,2021-05-26,20.0
1973,2021-05-27,16.0
1974,2021-05-28,20.0
1975,2021-05-29,5.0
1976,2021-05-30,12.0
1977,2021-05-31,39.0
1978,2021-06-01,17.0
1979,2021-06-02,20.0
1980,2021-06-03,10.0
1981,2021-06-04,17.0
1982,2021-06-05,13.0
1983,2021-06-06,7.0
1984,2021-06-07,12.0
1985,2021-06-08,10.0
1986,2021-06-09,9.0
1987,2021-06-10,6.0
1988,2021-06-11,2.0
1989,2021-06-12,5.0
1990,2021-06-13,20.0
1991,2021-06-14,8.0
1992,2021-06-15,28.0
1993,2021-06-16,32.0
1994,2021-06-17,11.0
1995,2021-06-18,11.0
1996,2021-06-19,4.0
1997,2021-06-20,37.0
1998,2021-06-21,17.0
1999,2021-06-22,42.0
2000,2021-06-23,33.0
2001,2021-06-24,24.0
2002,2021-06-25,16.0
2003,2021-06-26,10.0
2004,2021-06-27,17.0
2005,2021-06-28,15.0
2006,2021-06-29,21.0
2007,2021-06-30,19.0
2008,2021-07-01,34.0
2009,2021-07-02,12.0
2010,2021-07-03,3.0
2011,2021-07-04,15.0
2012,2021-07-05,21.0
2013,2021-07-06,20.0
2014,2021-07-07,13.0
2015,2021-07-08,15.0
2016,2021-07-09,21.0
2017,2021-07-10,5.0
2018,2021-07-11,15.0
2019,2021-07-12,36.0
2020,2021-07-13,15.0
2021,2021-07-14,31.0
2022,2021-07-15,38.0
2023,2021-07-16,12.0
2024,2021-07-17,27.0
2025,2021-07-18,7.0
2026,2021-07-19,14.0
2027,2021-07-20,26.0
2028,2021-07-21,29.0
2029,2021-07-22,23.0
2030,2021-07-23,7.0
2031,2021-07-24,8.0
2032,2021-07-25,27.0
2033,2021-07-26,18.0
2034,2021-07-27,8.0
2035,2021-07-28,33.0
2036,2021-07-29,38.0
2037,2021-07-30,25.0
2038,2021-07-31,18.0
2039,2021-08-01,12.0
2040,2021-08-02,28.0
2041,2021-08-03,24.0
2042,2021-08-04,23.0
2043,2021-08-05,19.0
2044,2021-08-06,24.0
2045,2021-08-07,22.0
2046,2021-08-08,12.0
2047,2021-08-09,9.0
2048,2021-08-10,17.0
2049,2021-08-11,20.0
2050,2021-08-12,21.0
2051,2021-08-13,57.0
2052,2021-08-14,12.0
2053,2021-08-15,23.0
2054,2021-08-16,17.0
2055,2021-08-17,36.0
2056,2021-08-18,42.0
2057,2021-08-19,25.0
2058,2021-08-20,17.0
2059,2021-08-21,9.0
2060,2021-08-22,8.0
2061,2021-08-23,24.0
2062,2021-08-24,7.0
2063,2021-08-25,18.0
2064,2021-08-26,10.0
2065,2021-08-27,8.0
2066,2021-08-28,10.0
2067,2021-08-29,28.0
2068,2021-08-30,13.0
2069,2021-08-31,19.0
2070,2021-09-01,14.0
2071,2021-09-02,8.0
2072,2021-09-03,3.0
2073,2021-09-04,0.0
2074,2021-09-05,2.0
2075,2021-09-06,5.0
2076,2021-09-07,9.0
2077,2021-09-08,6.0
2078,2021-09-09,14.0
2079,2021-09-10,16.0
2080,2021-09-11,30.0
2081,2021-09-12,77.0
2082,2021-09-13,22.0
2083,2021-09-14,22.0
2084,2021-09-15,18.0
2085,2021-09-16,20.0
2086,2021-09-17,11.0
2087,2021-09-18,15.0
2088,2021-09-19,33.0
2089,2021-09-20,20.0
2090,2021-09-21,28.0
2091,2021-09-22,14.0
2092,2021-09-23,18.0
2093,2021-09-24,28.0
2094,2021-09-25,32.0
2095,2021-09-26,40.0
2096,2021-09-27,18.0
2097,2021-09-28,29.0
2098,2021-09-29,16.0
2099,2021-09-30,25.0
2100,2021-10-01,21.0
2101,2021-10-02,16.0
2102,2021-10-03,48.0
2103,2021-10-04,36.0
2104,2021-10-05,25.0
2105,2021-10-06,22.0
2106,2021-10-07,21.0
2107,2021-10-08,11.0
2108,2021-10-09,13.0
2109,2021-10-10,10.0
2110,2021-10-11,15.0
2111,2021-10-12,26.0
2112,2021-10-13,8.0
2113,2021-10-14,12.0
2114,2021-10-15,16.0
2115,2021-10-16,1.0
2116,2021-10-17,7.0
2117,2021-10-18,9.0
2118,2021-10-19,11.0
2119,2021-10-20,18.0
2120,2021-10-21,10.0
2121,2021-10-22,8.0
2122,2021-10-23,11.0
2123,2021-10-24,15.0
2124,2021-10-25,7.0
2125,2021-10-26,8.0
2126,2021-10-27,13.0
2127,2021-10-28,3.0
2128,2021-10-29,16.0
2129,2021-10-30,6.0
2130,2021-10-31,15.0
2131,2021-11-01,0.0
2132,2021-11-02,19.0
2133,2021-11-03,13.0
2134,2021-11-04,11.0
2135,2021-11-05,9.0
2136,2021-11-06,1.0
2137,2021-11-07,1.0
2138,2021-11-08,2.0
2139,2021-11-09,1.0
2140,2021-11-10,7.0
2141,2021-11-11,11.0
2142,2021-11-12,0.0
2143,2021-11-13,6.0
2144,2021-11-14,23.0
2145,2021-11-15,17.0
2146,2021-11-16,17.0
2147,2021-11-17,16.0
2148,2021-11-18,2.0
2149,2021-11-19,8.0
2150,2021-11-20,11.0
2151,2021-11-21,27.0
2152,2021-11-22,14.0
2153,2021-11-23,2.0
2154,2021-11-24,8.0
2155,2021-11-25,3.0
2156,2021-11-26,11.0
2157,2021-11-27,10.0
2158,2021-11-28,14.0
2159,2021-11-29,12.0
2160,2021-11-30,10.0
2161,2021-12-01,0.0
2162,2021-12-02,5.0
2163,2021-12-03,13.0
2164,2021-12-04,5.0
2165,2021-12-05,15.0
2166,2021-12-06,12.0
2167,2021-12-07,36.0
2168,2021-12-08,9.0
2169,2021-12-09,8.0
2170,2021-12-10,0.0
2171,2021-12-11,4.0
2172,2021-12-12,31.0
2173,2021-12-13,25.0
2174,2021-12-14,13.0
2175,2021-12-15,11.0
2176,2021-12-16,16.0
2177,2021-12-17,9.0
2178,2021-12-18,0.0
2179,2021-12-19,8.0
2180,2021-12-20,1.0
2181,2021-12-21,14.0
2182,2021-12-22,18.0
2183,2021-12-23,31.0
2184,2021-12-24,6.0
2185,2021-12-25,15.0
2186,2021-12-26,61.0
2187,2021-12-27,13.0
2188,2021-12-28,22.0
2189,2021-12-29,1.0
2190,2021-12-30,15.0
2191,2021-12-31,21.0
2192,2022-01-01,14.0
2193,2022-01-02,18.0
2194,2022-01-03,32.0
2195,2022-01-04,20.0
2196,2022-01-05,28.0
2197,2022-01-06,24.0
2198,2022-01-07,19.0
2199,2022-01-08,45.0
2200,2022-01-09,22.0
2201,2022-01-10,8.0
2202,2022-01-11,17.0
2203,2022-01-12,12.0
2204,2022-01-13,21.0
2205,2022-01-14,47.0
2206,2022-01-15,35.0
2207,2022-01-16,32.0
2208,2022-01-17,5.0
2209,2022-01-18,7.0
2210,2022-01-19,2.0
2211,2022-01-20,6.0
2212,2022-01-21,3.0
2213,2022-01-22,4.0
2214,2022-01-23,10.0
2215,2022-01-24,11.0
2216,2022-01-25,14.0
2217,2022-01-26,3.0
2218,2022-01-27,2.0
2219,2022-01-28,4.0
2220,2022-01-29,14.0
2221,2022-01-30,17.0
2222,2022-01-31,6.0
2223,2022-02-01,15.0
2224,2022-02-02,1.0
2225,2022-02-03,19.0
2226,2022-02-04,32.0
2227,2022-02-05,12.0
2228,2022-02-06,21.0
2229,2022-02-07,9.0
2230,2022-02-08,4.0
2231,2022-02-09,9.0
2232,2022-02-10,0.0
2233,2022-02-11,24.0
2234,2022-02-12,21.0
2235,2022-02-13,31.0
2236,2022-02-14,10.0
2237,2022-02-15,4.0
2238,2022-02-16,5.0
2239,2022-02-17,12.0
2240,2022-02-18,0.0
2241,2022-02-19,11.0
2242,2022-02-20,0.0
2243,2022-02-21,0.0
2244,2022-02-22,8.0
2245,2022-02-23,7.0
2246,2022-02-24,2.0
2247,2022-02-25,4.0
2248,2022-02-26,0.0
2249,2022-02-27,7.0
2250,2022-02-28,29.0
2251,2022-03-01,7.0
2252,2022-03-02,20.0
2253,2022-03-03,22.0
2254,2022-03-04,13.0
2255,2022-03-05,9.0
2256,2022-03-06,36.0
2257,2022-03-07,30.0
2258,2022-03-08,7.0
2259,2022-03-09,10.0
2260,2022-03-10,15.0
2261,2022-03-11,20.0
2262,2022-03-12,12.0
2263,2022-03-13,1.0
2264,2022-03-14,11.0
2265,2022-03-15,20.0
2266,2022-03-16,30.0
2267,2022-03-17,18.0
2268,2022-03-18,21.0
2269,2022-03-19,6.0
2270,2022-03-20,17.0
2271,2022-03-21,15.0
2272,2022-03-22,4.0
2273,2022-03-23,6.0
2274,2022-03-24,1.0
2275,2022-03-25,11.0
2276,2022-03-26,6.0
2277,2022-03-27,6.0
2278,2022-03-28,14.0
2279,2022-03-29,12.0
2280,2022-03-30,13.0
2281,2022-03-31,11.0
2282,2022-04-01,9.0
2283,2022-04-02,45.0
2284,2022-04-03,28.0
2285,2022-04-04,21.0
2286,2022-04-05,12.0
2287,2022-04-06,6.0
2288,2022-04-07,19.0
2289,2022-04-08,25.0
2290,2022-04-09,52.0
2291,2022-04-10,16.0
2292,2022-04-11,18.0
2293,2022-04-12,19.0
2294,2022-04-13,10.0
2295,2022-04-14,15.0
2296,2022-04-15,30.0
2297,2022-04-16,41.0
2298,2022-04-17,13.0
2299,2022-04-18,11.0
2300,2022-04-19,14.0
2301,2022-04-20,20.0
2302,2022-04-21,21.0
2303,2022-04-22,44.0
2304,2022-04-23,13.0
2305,2022-04-24,20.0
2306,2022-04-25,31.0
2307,2022-04-26,20.0
2308,2022-04-27,7.0
2309,2022-04-28,12.0
2310,2022-04-29,16.0
2311,2022-04-30,26.0
2312,2022-05-01,3.0
2313,2022-05-02,14.0
2314,2022-05-03,6.0
2315,2022-05-04,3.0
2316,2022-05-05,9.0
2317,2022-05-06,14.0
2318,2022-05-07,9.0
2319,2022-05-08,4.0
2320,2022-05-09,4.0
2321,2022-05-10,26.0
2322,2022-05-11,22.0
2323,2022-05-12,14.0
2324,2022-05-13,36.0
2325,2022-05-14,22.0
2326,2022-05-15,7.0
2327,2022-05-16,36.0
2328,2022-05-17,13.0
2329,2022-05-18,10.0
2330,2022-05-19,14.0
2331,2022-05-20,7.0
2332,2022-05-21,16.0
2333,2022-05-22,1.0
2334,2022-05-23,15.0
2335,2022-05-24,6.0
2336,2022-05-25,13.0
2337,2022-05-26,30.0
2338,2022-05-27,6.0
2339,2022-05-28,30.0
2340,2022-05-29,30.0
2341,2022-05-30,29.0
2342,2022-05-31,13.0
2343,2022-06-01,8.0
2344,2022-06-02,22.0
2345,2022-06-03,8.0
2346,2022-06-04,0.0
2347,2022-06-05,0.0
2348,2022-06-06,12.0
2349,2022-06-07,12.0
2350,2022-06-08,16.0
2351,2022-06-09,14.0
2352,2022-06-10,10.0
2353,2022-06-11,1.0
2354,2022-06-12,50.0
2355,2022-06-13,5.0
2356,2022-06-14,14.0
2357,2022-06-15,30.0
2358,2022-06-16,6.0
2359,2022-06-17,0.0
2360,2022-06-18,8.0
2361,2022-06-19,6.0
2362,2022-06-20,11.0
2363,2022-06-21,26.0
2364,2022-06-22,21.0
2365,2022-06-23,6.0
2366,2022-06-24,5.0
2367,2022-06-25,7.0
2368,2022-06-26,9.0
2369,2022-06-27,10.0
2370,2022-06-28,23.0
2371,2022-06-29,25.0
2372,2022-06-30,13.0
2373,2022-07-01,17.0
2374,2022-07-02,46.0
2375,2022-07-03,11.0
2376,2022-07-04,26.0
2377,2022-07-05,20.0
2378,2022-07-06,22.0
2379,2022-07-07,18.0
2380,2022-07-08,11.0
2381,2022-07-09,16.0
2382,2022-07-10,7.0
2383,2022-07-11,32.0
2384,2022-07-12,17.0
2385,2022-07-13,22.0
2386,2022-07-14,9.0
2387,2022-07-15,14.0
2388,2022-07-16,5.0
2389,2022-07-17,8.0
2390,2022-07-18,5.0
2391,2022-07-19,11.0
2392,2022-07-20,10.0
2393,2022-07-21,21.0
2394,2022-07-22,10.0
2395,2022-07-23,21.0
2396,2022-07-24,8.0
2397,2022-07-25,10.0
2398,2022-07-26,17.0
2399,2022-07-27,10.0
2400,2022-07-28,5.0
2401,2022-07-29,20.0
2402,2022-07-30,8.0
2403,2022-07-31,31.0
2404,2022-08-01,14.0
2405,2022-08-02,11.0
2406,2022-08-03,4.0
2407,2022-08-04,10.0
2408,2022-08-05,3.0
2409,2022-08-06,28.0
2410,2022-08-07,35.0
2411,2022-08-08,9.0
2412,2022-08-09,5.0
2413,2022-08-10,11.0
2414,2022-08-11,1.0
2415,2022-08-12,13.0
2416,2022-08-13,19.0
2417,2022-08-14,16.0
2418,2022-08-15,13.0
2419,2022-08-16,5.0
2420,2022-08-17,10.0
2421,2022-08-18,24.0
2422,2022-08-19,13.0
2423,2022-08-20,15.0
2424,2022-08-21,30.0
2425,2022-08-22,25.0
2426,2022-08-23,5.0
2427,2022-08-24,5.0
2428,2022-08-25,17.0
2429,2022-08-26,9.0
2430,2022-08-27,38.0
2431,2022-08-28,42.0
2432,2022-08-29,16.0
2433,2022-08-30,49.0
2434,2022-08-31,41.0
2435,2022-09-01,13.0
2436,2022-09-02,9.0
2437,2022-09-03,38.0
2438,2022-09-04,94.0
2439,2022-09-05,28.0
2440,2022-09-06,9.0
2441,2022-09-07,23.0
2442,2022-09-08,12.0
2443,2022-09-09,0.0
2444,2022-09-10,19.0
2445,2022-09-11,20.0
2446,2022-09-12,11.0
2447,2022-09-13,13.0
2448,2022-09-14,6.0
2449,2022-09-15,24.0
2450,2022-09-16,14.0
2451,2022-09-17,22.0
2452,2022-09-18,20.0
2453,2022-09-19,8.0
2454,2022-09-20,5.0
2455,2022-09-21,6.0
2456,2022-09-22,14.0
2457,2022-09-23,27.0
2458,2022-09-24,53.0
2459,2022-09-25,48.0
2460,2022-09-26,14.0
2461,2022-09-27,18.0
2462,2022-09-28,7.0
2463,2022-09-29,10.0
2464,2022-09-30,3.0
2465,2022-10-01,0.0
2466,2022-10-02,16.0
2467,2022-10-03,7.0
2468,2022-10-04,11.0
2469,2022-10-05,9.0
2470,2022-10-06,19.0
2471,2022-10-07,6.0
2472,2022-10-08,0.0
2473,2022-10-09,15.0
2474,2022-10-10,0.0
2475,2022-10-11,1.0
2476,2022-10-12,20.0
2477,2022-10-13,18.0
2478,2022-10-14,8.0
2479,2022-10-15,9.0
2480,2022-10-16,16.0
2481,2022-10-17,26.0
2482,2022-10-18,18.0
2483,2022-10-19,26.0
2484,2022-10-20,16.0
2485,2022-10-21,11.0
2486,2022-10-22,17.0
2487,2022-10-23,27.0
2488,2022-10-24,14.0
2489,2022-10-25,4.0
2490,2022-10-26,14.0
2491,2022-10-27,5.0
2492,2022-10-28,0.0
2493,2022-10-29,6.0
2494,2022-10-30,4.0
2495,2022-10-31,16.0
2496,2022-11-01,11.0
2497,2022-11-02,31.0
2498,2022-11-03,9.0
2499,2022-11-04,8.0
2500,2022-11-05,6.0
2501,2022-11-06,2.0
2502,2022-11-07,9.0
2503,2022-11-08,5.0
2504,2022-11-09,13.0
2505,2022-11-10,21.0
2506,2022-11-11,13.0
2507,2022-11-12,28.0
2508,2022-11-13,32.0
2509,2022-11-14,10.0
2510,2022-11-15,12.0
2511,2022-11-16,22.0
2512,2022-11-17,21.0
2513,2022-11-18,15.0
2514,2022-11-19,28.0
2515,2022-11-20,36.0
2516,2022-11-21,26.0
2517,2022-11-22,72.0
2518,2022-11-23,34.0
2519,2022-11-24,24.0
2520,2022-11-25,14.0
2521,2022-11-26,14.0
2522,2022-11-27,17.0
2523,2022-11-28,11.0
2524,2022-11-29,18.0
2525,2022-11-30,46.0
2526,2022-12-01,31.0
2527,2022-12-02,7.0
2528,2022-12-03,19.0
2529,2022-12-04,19.0
2530,2022-12-05,21.0
2531,2022-12-06,21.0
2532,2022-12-07,41.0
2533,2022-12-08,13.0
2534,2022-12-09,19.0
2535,2022-12-10,25.0
2536,2022-12-11,58.0
2537,2022-12-12,16.0
2538,2022-12-13,25.0
2539,2022-12-14,16.0
2540,2022-12-15,17.0
2541,2022-12-16,11.0
2542,2022-12-17,12.0
2543,2022-12-18,5.0
2544,2022-12-19,37.0
2545,2022-12-20,20.0
2546,2022-12-21,13.0
2547,2022-12-22,6.0
2548,2022-12-23,30.0
2549,2022-12-24,7.0
2550,2022-12-25,10.0
2551,2022-12-26,9.0
2552,2022-12-27,25.0
2553,2022-12-28,9.0
2554,2022-12-29,19.0
2555,2022-12-30,36.0
2556,2022-12-31,15.0
2557,2023-01-01,18.0
2558,2023-01-02,45.0
2559,2023-01-03,26.0
2560,2023-01-04,27.0
2561,2023-01-05,12.0
2562,2023-01-06,19.0
2563,2023-01-07,47.0
2564,2023-01-08,44.0
2565,2023-01-09,4.0
2566,2023-01-10,28.0
2567,2023-01-11,9.0
2568,2023-01-12,8.0
2569,2023-01-13,27.0
2570,2023-01-14,9.0
2571,2023-01-15,36.0
2572,2023-01-16,6.0
2573,2023-01-17,2.0
2574,2023-01-18,1.0
2575,2023-01-19,10.0
2576,2023-01-20,12.0
2577,2023-01-21,7.0
2578,2023-01-22,6.0
2579,2023-01-23,7.0
2580,2023-01-24,11.0
2581,2023-01-25,36.0
2582,2023-01-26,36.0
2583,2023-01-27,9.0
2584,2023-01-28,4.0
2585,2023-01-29,26.0
2586,2023-01-30,41.0
2587,2023-01-31,34.0
2588,2023-02-01,15.0
2589,2023-02-02,18.0
2590,2023-02-03,25.0
2591,2023-02-04,7.0
2592,2023-02-05,17.0
2593,2023-02-06,18.0
2594,2023-02-07,34.0
2595,2023-02-08,24.0
2596,2023-02-09,29.0
2597,2023-02-10,20.0
2598,2023-02-11,28.0
2599,2023-02-12,8.0
2600,2023-02-13,31.0
2601,2023-02-14,28.0
2602,2023-02-15,35.0
2603,2023-02-16,24.0
2604,2023-02-17,33.0
2605,2023-02-18,33.0
2606,2023-02-19,36.0
2607,2023-02-20,12.0
2608,2023-02-21,35.0
2609,2023-02-22,16.0
2610,2023-02-23,22.0
2611,2023-02-24,39.0
2612,2023-02-25,23.0
2613,2023-02-26,18.0
2614,2023-02-27,30.0
2615,2023-02-28,21.0
2616,2023-03-01,26.0
2617,2023-03-02,25.0
2618,2023-03-03,23.0
2619,2023-03-04,16.0
2620,2023-03-05,47.0
2621,2023-03-06,25.0
2622,2023-03-07,14.0
2623,2023-03-08,28.0
2624,2023-03-09,19.0
2625,2023-03-10,26.0
2626,2023-03-11,4.0
2627,2023-03-12,27.0
2628,2023-03-13,2.0
2629,2023-03-14,71.0
2630,2023-03-15,21.0
2631,2023-03-16,31.0
2632,2023-03-17,17.0
2633,2023-03-18,19.0
2634,2023-03-19,90.0
2635,2023-03-20,9.0
2636,2023-03-21,57.0
2637,2023-03-22,18.0
2638,2023-03-23,23.0
2639,2023-03-24,3.0
2640,2023-03-25,24.0
2641,2023-03-26,36.0
2642,2023-03-27,21.0
2643,2023-03-28,7.0
2644,2023-03-29,14.0
2645,2023-03-30,9.0
2646,2023-03-31,8.0
2647,2023-04-01,46.0
2648,2023-04-02,17.0
2649,2023-04-03,39.0
2650,2023-04-04,21.0
2651,2023-04-05,23.0
2652,2023-04-06,20.0
2653,2023-04-07,46.0
2654,2023-04-08,11.0
2655,2023-04-09,44.0
2656,2023-04-10,18.0
2657,2023-04-11,15.0
2658,2023-04-12,14.0
2659,2023-04-13,34.0
2660,2023-04-14,15.0
2661,2023-04-15,15.0
2662,2023-04-16,27.0
2663,2023-04-17,18.0
2664,2023-04-18,7.0
2665,2023-04-19,18.0
2666,2023-04-20,18.0
2667,2023-04-21,13.0
2668,2023-04-22,18.0
2669,2023-04-23,0.0
2670,2023-04-24,16.0
2671,2023-04-25,9.0
2672,2023-04-26,18.0
2673,2023-04-27,16.0
2674,2023-04-28,17.0
2675,2023-04-29,10.0
2676,2023-04-30,8.0
2677,2023-05-01,11.0
2678,2023-05-02,2.0
2679,2023-05-03,0.0
2680,2023-05-04,0.0
2681,2023-05-05,0.0
2682,2023-05-06,0.0
2683,2023-05-07,0.0
2684,2023-05-08,0.0
2685,2023-05-09,0.0
2686,2023-05-10,0.0
2687,2023-05-11,0.0
2688,2023-05-12,0.0
2689,2023-05-13,0.0
2690,2023-05-14,0.0
2691,2023-05-15,0.0
2692,2023-05-16,0.0
2693,2023-05-17,0.0
2694,2023-05-18,0.0
2695,2023-05-19,0.0
2696,2023-05-20,0.0
2697,2023-05-21,0.0
2698,2023-05-22,0.0
2699,2023-05-23,0.0
2700,2023-05-24,0.0
2701,2023-05-25,0.0
2702,2023-05-26,0.0
2703,2023-05-27,0.0
2704,2023-05-28,0.0
2705,2023-05-29,0.0
2706,2023-05-30,0.0
2707,2023-05-31,0.0
2708,2023-06-01,0.0
2709,2023-06-02,0.0
2710,2023-06-03,0.0
2711,2023-06-04,0.0
2712,2023-06-05,0.0
2713,2023-06-06,0.0
2714,2023-06-07,0.0
2715,2023-06-08,0.0
2716,2023-06-09,0.0
2717,2023-06-10,0.0
2718,2023-06-11,0.0
2719,2023-06-12,0.0
2720,2023-06-13,0.0
2721,2023-06-14,0.0
2722,2023-06-15,0.0
2723,2023-06-16,0.0
2724,2023-06-17,0.0
2725,2023-06-18,0.0
2726,2023-06-19,0.0
2727,2023-06-20,0.0
2728,2023-06-21,0.0
2729,2023-06-22,0.0
2730,2023-06-23,0.0
2731,2023-06-24,0.0
2732,2023-06-25,0.0
2733,2023-06-26,0.0
2734,2023-06-27,0.0
2735,2023-06-28,0.0
2736,2023-06-29,0.0
2737,2023-06-30,0.0
2738,2023-07-01,0.0
2739,2023-07-02,0.0
2740,2023-07-03,0.0
2741,2023-07-04,0.0
2742,2023-07-05,0.0
2743,2023-07-06,0.0
2744,2023-07-07,0.0
2745,2023-07-08,0.0
2746,2023-07-09,0.0
2747,2023-07-10,0.0
2748,2023-07-11,0.0
2749,2023-07-12,0.0
2750,2023-07-13,0.0
2751,2023-07-14,0.0
2752,2023-07-15,0.0
2753,2023-07-16,0.0
2754,2023-07-17,0.0
2755,2023-07-18,0.0
2756,2023-07-19,0.0
2757,2023-07-20,0.0
2758,2023-07-21,0.0
2759,2023-07-22,0.0
2760,2023-07-23,0.0
2761,2023-07-24,0.0
2762,2023-07-25,0.0
2763,2023-07-26,0.0
2764,2023-07-27,0.0
2765,2023-07-28,0.0
2766,2023-07-29,0.0
2767,2023-07-30,0.0
2768,2023-07-31,0.0
2769,2023-08-01,0.0
2770,2023-08-02,0.0
2771,2023-08-03,0.0
2772,2023-08-04,0.0
2773,2023-08-05,0.0
2774,2023-08-06,0.0
2775,2023-08-07,0.0
2776,2023-08-08,0.0
2777,2023-08-09,0.0
2778,2023-08-10,0.0
2779,2023-08-11,0.0
2780,2023-08-12,0.0
2781,2023-08-13,0.0
2782,2023-08-14,0.0
2783,2023-08-15,0.0
2784,2023-08-16,0.0
2785,2023-08-17,0.0
2786,2023-08-18,0.0
2787,2023-08-19,0.0
2788,2023-08-20,0.0
2789,2023-08-21,0.0
2790,2023-08-22,0.0
2791,2023-08-23,0.0
2792,2023-08-24,0.0
2793,2023-08-25,0.0
2794,2023-08-26,0.0
2795,2023-08-27,0.0
2796,2023-08-28,0.0
2797,2023-08-29,0.0
2798,2023-08-30,0.0
2799,2023-08-31,0.0
2800,2023-09-01,0.0
2801,2023-09-02,0.0
2802,2023-09-03,0.0
2803,2023-09-04,0.0
2804,2023-09-05,0.0
2805,2023-09-06,0.0
2806,2023-09-07,0.0
2807,2023-09-08,0.0
2808,2023-09-09,0.0
2809,2023-09-10,0.0
2810,2023-09-11,0.0
2811,2023-09-12,0.0
2812,2023-09-13,0.0
2813,2023-09-14,0.0
2814,2023-09-15,0.0
2815,2023-09-16,0.0
2816,2023-09-17,0.0
2817,2023-09-18,0.0
2818,2023-09-19,0.0
2819,2023-09-20,0.0
2820,2023-09-21,0.0
2821,2023-09-22,0.0
2822,2023-09-23,0.0
2823,2023-09-24,0.0
2824,2023-09-25,0.0
2825,2023-09-26,0.0
2826,2023-09-27,0.0
2827,2023-09-28,0.0
2828,2023-09-29,0.0
2829,2023-09-30,0.0
2830,2023-10-01,0.0
2831,2023-10-02,0.0
2832,2023-10-03,0.0
2833,2023-10-04,0.0
2834,2023-10-05,0.0
2835,2023-10-06,0.0
2836,2023-10-07,0.0
2837,2023-10-08,0.0
2838,2023-10-09,0.0
2839,2023-10-10,0.0
2840,2023-10-11,0.0
2841,2023-10-12,0.0
2842,2023-10-13,0.0
2843,2023-10-14,0.0
2844,2023-10-15,0.0
2845,2023-10-16,0.0
2846,2023-10-17,0.0
2847,2023-10-18,0.0
2848,2023-10-19,0.0
2849,2023-10-20,0.0
2850,2023-10-21,0.0
2851,2023-10-22,0.0
2852,2023-10-23,0.0
2853,2023-10-24,0.0
2854,2023-10-25,0.0
2855,2023-10-26,0.0
2856,2023-10-27,0.0
2857,2023-10-28,0.0
2858,2023-10-29,0.0
2859,2023-10-30,0.0
2860,2023-10-31,0.0
2861,2023-11-01,0.0
2862,2023-11-02,0.0
2863,2023-11-03,0.0
2864,2023-11-04,0.0
2865,2023-11-05,0.0
2866,2023-11-06,0.0
2867,2023-11-07,0.0
2868,2023-11-08,0.0
2869,2023-11-09,0.0
2870,2023-11-10,0.0
2871,2023-11-11,0.0
2872,2023-11-12,0.0
2873,2023-11-13,0.0
2874,2023-11-14,0.0
2875,2023-11-15,0.0
2876,2023-11-16,0.0
2877,2023-11-17,0.0
2878,2023-11-18,0.0
2879,2023-11-19,0.0
2880,2023-11-20,0.0
2881,2023-11-21,0.0
2882,2023-11-22,0.0
2883,2023-11-23,0.0
2884,2023-11-24,0.0
2885,2023-11-25,0.0
2886,2023-11-26,0.0
2887,2023-11-27,0.0
2888,2023-11-28,0.0
2889,2023-11-29,0.0
2890,2023-11-30,0.0
2891,2023-12-01,0.0
2892,2023-12-02,0.0
2893,2023-12-03,0.0
2894,2023-12-04,0.0
2895,2023-12-05,0.0
2896,2023-12-06,0.0
2897,2023-12-07,0.0
2898,2023-12-08,0.0
2899,2023-12-09,0.0
2900,2023-12-10,0.0
2901,2023-12-11,0.0
2902,2023-12-12,0.0
2903,2023-12-13,0.0
2904,2023-12-14,0.0
2905,2023-12-15,0.0
2906,2023-12-16,0.0
2907,2023-12-17,0.0
2908,2023-12-18,0.0
2909,2023-12-19,0.0
2910,2023-12-20,0.0
2911,2023-12-21,0.0
2912,2023-12-22,0.0
2913,2023-12-23,0.0
2914,2023-12-24,0.0
2915,2023-12-25,0.0
2916,2023-12-26,0.0
2917,2023-12-27,0.0
2918,2023-12-28,0.0
2919,2023-12-29,0.0
2920,2023-12-30,0.0
2921,2023-12-31,0.0
